Configuration,Average,SDG 1,SDG 2,SDG 3,SDG 4,SDG 5,SDG 6,SDG 7,SDG 8,SDG 9,SDG 10,SDG 11,SDG 12,SDG 13,SDG 14,SDG 15,SDG 16,SDG 17
1,92.83955169637665,94.8051948051948,92.7536231884058,93.42105263157896,95.1219512195122,88.40579710144928,96.47058823529412,96.0,85.13513513513513,,93.44262295081968,,,,,,,
2,91.8032786885246,,,,,,,,,,91.8032786885246,,,,,,,
